{"cameraMode":{"drawMode":0,"name":"Shaded","section":"Shading Mode"},"sceneLighting":true,"audioPlay":false,"sceneViewState":{"m_AlwaysRefresh":false,"showFog":true,"showSkybox":true,"showFlares":true,"showImageEffects":true,"showParticleSystems":true,"showVisualEffectGraphs":true,"m_FxEnabled":true},"in2DMode":false,"pivot":{"x":15.373936653137207,"y":13.50302505493164,"z":-5.159578800201416},"rotation":{"x":0.22890706360340119,"y":-0.6221010684967041,"z":0.19715024530887605,"w":0.7223076224327087},"size":16.742923736572267,"orthographic":false}