{"cameraMode":{"drawMode":0,"name":"Shaded","section":"Shading Mode"},"sceneLighting":true,"audioPlay":false,"sceneViewState":{"m_AlwaysRefresh":false,"showFog":true,"showSkybox":true,"showFlares":true,"showImageEffects":true,"showParticleSystems":true,"showVisualEffectGraphs":true,"m_FxEnabled":true},"in2DMode":false,"pivot":{"x":249.38095092773438,"y":32.976478576660159,"z":416.5057373046875},"rotation":{"x":-0.24937064945697785,"y":-0.46663638949394228,"z":0.1389816552400589,"w":-0.8371567726135254},"size":45.996212005615237,"orthographic":false}