{"cameraMode":{"drawMode":0,"name":"Shaded","section":"Shading Mode"},"sceneLighting":false,"audioPlay":false,"sceneViewState":{"m_AlwaysRefresh":false,"showFog":true,"showSkybox":false,"showFlares":true,"showImageEffects":true,"showParticleSystems":true,"showVisualEffectGraphs":true,"m_FxEnabled":true},"in2DMode":false,"pivot":{"x":-7.382186412811279,"y":0.7075856328010559,"z":-7.786896705627441},"rotation":{"x":0.37295714020729067,"y":-0.03698286786675453,"z":0.014923274517059327,"w":0.9270306825637817},"size":1.2318845987319947,"orthographic":false}